,gender,dest,orig,pro_bici,pro_bus,pro_sw,km
name_1702,f,B,3,0,0,3,4.3
name_594,f,B,17,0,1,4,67.3
name_86,m,P,9,1,0,5,21.7
name_649,m,B,13,0,0,4,41.3
name_1481,f,P,13,0,0,5,41.3
name_1951,f,P,2,0,2,4,2.8
name_335,m,B,20,0,0,4,91.0
name_1789,f,P,17,0,0,3,67.3
name_1006,f,B,9,1,1,0,21.7
name_579,f,B,11,0,1,0,30.7
name_1957,f,B,8,2,0,4,17.8
name_1062,f,B,22,0,5,4,108.8
name_1886,f,B,15,0,5,5,53.5
name_236,m,P,9,0,3,0,21.7
name_1236,m,P,4,0,0,3,6.2
name_194,m,P,2,3,0,4,2.8
name_1396,f,P,13,0,1,4,41.3
name_1033,m,B,9,0,0,4,21.7
name_1215,f,B,12,0,3,4,35.8
name_1316,f,B,13,0,0,4,41.3
name_368,m,P,2,0,4,4,2.8
name_491,f,U,16,0,0,0,60.2
name_885,m,P,1,3,0,0,1.7
name_1299,f,B,6,0,5,1,11.2
name_1239,m,P,9,0,0,0,21.7
name_540,m,B,16,0,0,3,60.2
name_1003,f,B,13,0,5,5,41.3
name_1420,f,P,11,0,0,4,30.7
name_866,f,B,5,0,3,3,8.5
name_637,m,U,12,1,0,4,35.8
name_1149,f,P,2,1,0,4,2.8
name_980,f,B,9,0,0,4,21.7
name_456,m,P,19,0,5,5,82.7
name_1678,m,P,16,0,1,4,60.2
name_292,m,B,16,0,0,0,60.2
name_497,f,B,21,0,2,4,99.7
name_498,f,U,11,1,0,4,30.7
name_555,f,B,1,3,0,3,1.7
name_1611,m,B,19,0,3,4,82.7
name_1739,m,B,4,0,0,4,6.2
name_159,m,B,9,0,0,0,21.7
name_1574,f,P,8,1,5,3,17.8
name_598,m,P,4,0,0,5,6.2
name_841,m,B,13,0,0,4,41.3
name_185,f,B,15,0,1,5,53.5
name_1836,m,U,6,0,0,5,11.2
name_1488,m,P,13,0,0,5,41.3
name_1995,f,B,19,0,0,0,82.7
name_375,f,B,4,0,2,5,6.2
name_1754,f,B,17,0,0,4,67.3
name_1749,m,P,12,0,0,4,35.8
name_135,m,P,3,0,0,4,4.3
name_1209,m,B,3,0,0,5,4.3
name_881,m,B,3,0,1,0,4.3
name_1190,f,P,4,0,2,4,6.2
name_1551,m,P,2,1,1,4,2.8
name_847,m,B,3,0,0,1,4.3
name_121,f,P,3,1,5,0,4.3
name_1398,m,P,6,1,0,3,11.2
name_252,f,P,7,0,0,5,14.3
name_196,f,B,8,0,0,4,17.8
name_469,m,P,9,0,1,4,21.7
name_1893,f,P,22,0,0,4,108.8
name_107,m,P,9,1,0,0,21.7
name_741,m,U,1,1,0,3,1.7
name_493,f,P,9,0,0,5,21.7
name_736,m,B,21,0,0,3,99.7
name_597,f,B,1,0,0,4,1.7
name_350,f,B,1,0,1,3,1.7
name_1007,m,B,5,0,5,5,8.5
name_1975,m,B,20,0,0,4,91.0
name_1822,f,B,21,0,0,5,99.7
name_760,f,B,13,0,2,5,41.3
name_76,f,P,11,0,2,5,30.7
name_765,m,U,9,0,0,5,21.7
name_220,f,P,6,0,4,4,11.2
name_839,m,P,22,0,0,3,108.8
name_429,f,B,14,0,0,4,47.2
name_658,f,B,20,0,1,2,91.0
name_223,m,P,9,0,1,5,21.7
name_302,f,B,12,2,2,4,35.8
name_167,f,B,20,0,0,4,91.0
name_756,f,B,23,0,0,4,118.3
name_353,m,B,3,1,2,4,4.3
name_563,m,P,16,0,0,3,60.2
name_561,m,B,15,0,0,5,53.5
name_1530,m,B,21,0,0,4,99.7
name_710,f,P,9,1,1,1,21.7
name_257,f,B,14,0,0,0,47.2
name_1115,f,U,21,0,0,2,99.7
name_1658,m,B,2,1,0,5,2.8
name_960,m,B,9,0,4,5,21.7
name_1607,m,P,15,0,0,0,53.5
name_149,m,P,18,0,0,3,74.8
name_1352,m,B,2,0,0,4,2.8
name_663,m,B,21,0,0,3,99.7
name_1082,m,B,3,4,5,0,4.3
name_613,f,P,21,0,0,5,99.7
name_1846,f,B,12,1,0,5,35.8
name_773,m,B,16,0,3,5,60.2
name_363,f,B,22,0,0,5,108.8
name_376,m,P,21,0,0,4,99.7
name_24,m,P,21,0,5,2,99.7
name_727,m,U,13,0,0,1,41.3
name_471,f,B,3,1,0,4,4.3
name_205,f,P,2,1,0,4,2.8
name_1212,m,B,15,0,0,4,53.5
name_155,f,B,22,0,0,5,108.8
name_582,f,B,12,0,2,5,35.8
name_851,m,B,18,0,0,4,74.8
name_168,m,B,5,0,0,5,8.5
name_1664,f,B,18,0,1,4,74.8
name_683,m,B,12,0,0,4,35.8
name_1426,f,P,17,0,0,4,67.3
name_1324,f,B,14,0,0,5,47.2
name_1434,m,P,23,0,0,4,118.3
name_657,f,P,23,0,4,0,118.3
name_1634,f,P,1,0,3,4,1.7
name_903,f,P,22,0,5,5,108.8
name_1895,f,B,9,0,0,0,21.7
name_801,f,P,8,0,1,4,17.8
name_712,m,B,1,0,2,5,1.7
name_1632,m,B,3,1,2,4,4.3
name_1445,f,B,1,0,2,4,1.7
name_916,f,B,12,1,0,0,35.8
name_1621,f,P,19,0,0,4,82.7
name_1873,m,P,7,0,0,4,14.3
name_1335,m,P,6,1,0,1,11.2
name_422,f,P,10,0,0,3,26.0
name_1101,f,B,22,0,5,5,108.8
name_1076,f,P,8,1,0,5,17.8
name_889,m,P,2,1,5,4,2.8
name_1861,m,P,8,1,0,4,17.8
name_611,m,B,22,0,0,4,108.8
name_1256,f,P,11,1,0,4,30.7
name_1179,f,B,12,1,5,5,35.8
name_1137,f,P,10,0,2,4,26.0
name_458,m,B,5,1,0,3,8.5
name_1405,m,P,3,1,0,4,4.3
name_441,m,P,10,1,1,4,26.0
name_1902,f,B,18,0,0,5,74.8
name_864,f,B,4,1,0,5,6.2
name_351,f,P,14,0,0,0,47.2
name_399,m,B,13,0,0,3,41.3
name_505,f,P,21,0,0,5,99.7
name_1901,m,B,22,0,0,4,108.8
name_1583,m,P,2,0,0,3,2.8
name_608,m,B,18,0,0,5,74.8
name_66,m,B,18,0,0,4,74.8
name_918,f,B,16,0,5,5,60.2
name_676,f,P,1,0,0,3,1.7
name_656,f,B,1,1,0,2,1.7
name_1292,f,B,15,0,0,4,53.5
name_1653,m,P,13,0,0,4,41.3
name_1404,f,P,21,0,0,0,99.7
name_1684,f,P,6,0,0,4,11.2
name_195,m,B,20,0,0,5,91.0
name_1189,f,P,16,0,3,4,60.2
name_621,f,P,23,0,4,3,118.3
name_1980,f,P,6,0,2,4,11.2
name_112,m,B,19,0,0,4,82.7
name_1310,m,B,12,3,4,5,35.8
name_47,m,P,7,4,2,3,14.3
name_1234,f,B,6,1,5,5,11.2
name_919,m,P,17,0,0,4,67.3
name_1194,f,B,21,0,0,4,99.7
name_933,f,P,6,1,0,5,11.2
name_402,m,P,13,0,5,5,41.3
name_1164,m,B,2,0,0,4,2.8
name_229,f,B,19,0,5,3,82.7
name_1402,f,B,10,1,0,5,26.0
name_11,f,B,15,0,2,4,53.5
name_1451,m,P,11,2,0,5,30.7
name_1492,f,P,1,1,0,0,1.7
name_1784,m,U,20,0,0,4,91.0
name_1479,f,B,7,1,0,5,14.3
name_239,m,B,12,0,0,4,35.8
name_319,f,B,3,0,0,3,4.3
name_166,m,P,11,0,0,3,30.7
name_1344,m,B,4,0,0,4,6.2
name_1333,f,B,17,0,2,4,67.3
name_1032,m,B,1,1,0,4,1.7
name_413,m,B,10,0,0,4,26.0
name_573,f,B,9,1,0,5,21.7
name_361,m,P,17,0,0,4,67.3
name_55,f,B,17,0,0,4,67.3
name_565,f,P,16,0,3,3,60.2
name_911,f,B,10,0,4,4,26.0
name_1345,f,B,12,1,0,5,35.8
name_1290,f,U,20,0,3,3,91.0
name_679,m,B,2,0,0,3,2.8
name_1464,f,B,3,1,2,4,4.3
name_1204,f,B,21,0,1,3,99.7
name_659,m,U,10,1,0,4,26.0
name_674,f,P,9,0,0,0,21.7
name_1915,f,P,4,0,0,1,6.2
name_51,m,B,6,0,5,5,11.2
name_355,f,B,2,1,0,4,2.8
name_1623,f,B,13,0,0,3,41.3
name_1262,f,B,16,0,4,3,60.2
name_1369,m,P,21,0,5,4,99.7
name_1910,f,B,10,1,0,5,26.0
name_1753,m,P,21,0,0,5,99.7
name_403,m,P,9,0,0,4,21.7
name_1597,m,B,19,0,5,3,82.7
name_815,f,P,19,0,0,0,82.7
name_583,m,B,4,2,0,4,6.2
name_1054,m,B,18,0,1,3,74.8
name_808,m,P,21,0,5,4,99.7
name_56,m,B,13,0,0,5,41.3
name_1590,f,B,11,0,2,2,30.7
name_1027,f,B,22,0,3,5,108.8
name_1458,f,B,5,0,0,5,8.5
name_304,f,B,23,0,0,5,118.3
name_771,f,B,23,0,1,4,118.3
name_1721,m,B,4,0,0,0,6.2
name_929,m,P,15,0,0,4,53.5
name_281,f,P,22,0,0,4,108.8
name_1916,f,B,18,0,2,3,74.8
name_1552,f,P,13,0,0,4,41.3
name_1646,m,P,21,0,0,4,99.7
name_1965,f,B,21,0,5,5,99.7
name_1233,f,B,18,0,3,4,74.8
name_987,m,B,17,0,0,1,67.3
name_299,f,B,9,0,0,3,21.7
name_1698,f,P,22,0,0,5,108.8
name_1349,f,B,17,0,0,3,67.3
name_1667,m,P,8,0,0,4,17.8
name_384,m,P,12,0,2,4,35.8
name_902,m,P,21,0,0,4,99.7
name_288,m,P,10,0,1,4,26.0
name_404,f,P,20,0,1,3,91.0
name_964,f,B,3,0,5,5,4.3
name_794,m,P,18,0,0,3,74.8
name_857,f,P,23,0,0,4,118.3
name_62,m,B,17,0,2,3,67.3
name_474,m,P,12,0,0,0,35.8
name_551,f,B,20,0,0,3,91.0
name_1795,f,B,15,0,0,4,53.5
name_988,m,P,16,0,0,4,60.2
name_1060,f,P,1,1,0,3,1.7
name_1968,f,B,1,0,0,3,1.7
name_1511,f,B,23,0,2,3,118.3
name_762,f,P,7,1,3,5,14.3
name_1441,m,B,13,0,0,3,41.3
name_1343,f,B,8,0,1,3,17.8
name_298,f,B,17,0,3,0,67.3
name_389,m,B,7,4,5,3,14.3
name_1844,m,P,4,0,0,4,6.2
name_337,f,B,23,0,0,4,118.3
name_163,m,B,9,1,0,5,21.7
name_1665,f,P,21,0,2,2,99.7
name_1287,m,B,3,0,0,4,4.3
name_1641,f,B,21,0,0,4,99.7
name_1363,m,P,12,1,5,5,35.8
name_180,f,P,23,0,0,3,118.3
name_1501,m,P,13,0,0,4,41.3
name_1750,f,P,7,1,0,5,14.3
name_536,m,P,9,3,0,4,21.7
name_1948,m,P,1,0,0,4,1.7
name_157,f,B,8,1,3,5,17.8
name_973,f,B,7,0,3,5,14.3
name_961,m,P,5,1,0,5,8.5
name_1031,f,B,1,1,5,4,1.7
name_1864,f,B,21,0,0,5,99.7
name_807,f,P,6,0,1,3,11.2
name_1656,m,P,16,0,0,1,60.2
name_822,f,P,22,0,0,3,108.8
name_1114,m,P,14,0,0,0,47.2
name_1994,f,P,11,5,0,3,30.7
name_1644,f,P,19,0,0,4,82.7
name_7,m,B,18,0,5,3,74.8
name_722,f,B,4,0,0,5,6.2
name_1265,f,P,13,0,0,0,41.3
name_482,f,B,1,3,0,4,1.7
name_904,m,P,22,0,0,3,108.8
name_1456,f,P,5,0,0,2,8.5
name_144,f,B,23,0,0,4,118.3
name_522,m,B,10,2,4,5,26.0
name_761,f,B,20,0,0,4,91.0
name_1732,f,B,8,1,2,4,17.8
name_982,f,B,13,0,0,1,41.3
name_367,m,B,17,0,0,4,67.3
name_1934,m,B,14,0,5,5,47.2
name_876,m,B,19,0,0,3,82.7
name_291,f,P,1,0,0,4,1.7
name_1151,m,B,14,0,0,4,47.2
name_1849,f,B,5,1,0,4,8.5
name_1555,f,B,10,1,4,4,26.0
name_1219,m,P,11,2,5,4,30.7
name_897,f,U,20,0,0,5,91.0
name_208,m,B,22,0,0,0,108.8
name_1243,f,B,21,0,0,4,99.7
name_1676,f,P,23,0,4,3,118.3
name_468,m,U,15,0,0,4,53.5
name_308,f,B,8,2,0,4,17.8
name_788,f,B,5,1,4,4,8.5
name_17,m,B,16,0,0,5,60.2
name_1334,m,U,11,0,3,0,30.7
name_681,f,B,1,0,1,3,1.7
name_1696,m,B,19,0,0,4,82.7
name_1630,m,P,1,4,3,5,1.7
name_968,f,P,1,0,5,5,1.7
name_1476,f,B,12,1,1,3,35.8
name_1056,m,B,17,0,0,4,67.3
name_33,m,B,8,0,0,1,17.8
name_1186,f,B,5,1,0,4,8.5
name_1514,m,B,18,0,0,0,74.8
name_1419,f,B,11,1,0,4,30.7
name_175,m,B,19,0,0,1,82.7
name_142,m,B,4,0,0,0,6.2
name_1422,f,U,18,0,0,4,74.8
name_1308,m,B,9,0,0,3,21.7
name_819,m,P,1,0,0,3,1.7
name_1460,m,B,2,0,0,4,2.8
name_111,f,B,8,0,1,4,17.8
name_460,f,P,1,2,5,2,1.7
name_67,m,U,22,0,0,5,108.8
name_521,f,P,20,0,5,2,91.0
name_1878,m,B,4,2,3,4,6.2
name_1227,f,P,1,1,1,3,1.7
name_757,m,B,22,0,0,3,108.8
name_1662,f,P,7,2,1,4,14.3
name_605,f,P,9,1,5,2,21.7
name_96,f,B,21,0,5,4,99.7
name_1128,m,B,23,0,1,4,118.3
name_1848,f,U,15,0,4,3,53.5
name_817,f,B,2,1,0,1,2.8
name_451,m,B,18,0,0,4,74.8
name_1908,m,P,1,0,0,4,1.7
name_1161,f,P,1,0,1,0,1.7
name_745,f,B,18,0,2,5,74.8
name_785,f,P,7,0,0,4,14.3
name_584,f,B,21,0,5,4,99.7
name_3,f,P,11,0,1,5,30.7
name_1805,f,P,17,0,0,5,67.3
name_1884,m,B,5,0,3,5,8.5
name_891,f,P,1,1,0,1,1.7
name_1905,m,P,17,0,1,4,67.3
name_1470,m,P,5,0,0,5,8.5
name_1535,m,B,13,0,1,5,41.3
name_442,f,P,23,0,0,5,118.3
name_1425,m,P,12,0,0,3,35.8
name_1247,m,B,7,1,0,4,14.3
name_318,m,P,19,0,0,5,82.7
name_1075,m,B,15,0,3,5,53.5
name_50,m,B,3,0,0,4,4.3
name_843,f,B,6,0,0,3,11.2
name_449,f,B,17,0,0,4,67.3
name_1444,m,P,8,2,0,4,17.8
name_568,m,B,8,1,0,4,17.8
name_1100,m,B,1,1,2,4,1.7
name_514,m,B,14,0,3,3,47.2
name_1615,f,P,5,0,0,5,8.5
name_921,m,B,23,0,0,4,118.3
name_255,m,P,5,0,3,4,8.5
name_529,f,B,15,0,2,1,53.5
name_386,m,B,1,1,0,4,1.7
name_1362,f,P,15,0,0,0,53.5
name_731,f,B,17,0,0,4,67.3
name_634,m,B,2,0,0,3,2.8
name_991,m,P,7,0,0,3,14.3
name_1251,f,P,13,0,0,4,41.3
name_1365,f,B,3,0,1,0,4.3
name_1370,m,P,13,0,3,5,41.3
name_1928,m,P,14,0,0,0,47.2
name_29,f,P,5,1,0,1,8.5
name_648,m,P,9,0,5,5,21.7
name_1850,f,P,23,0,5,4,118.3
name_538,m,P,12,1,0,2,35.8
name_1714,m,B,23,0,0,0,118.3
name_1581,m,B,13,0,1,3,41.3
name_124,m,P,5,1,2,3,8.5
name_1258,m,P,14,0,2,0,47.2
name_1196,m,P,1,1,0,1,1.7
name_479,f,B,16,0,2,4,60.2
name_1038,f,B,1,0,0,5,1.7
name_426,m,B,15,0,0,5,53.5
name_1078,f,B,4,0,0,4,6.2
name_1314,f,B,6,0,1,4,11.2
name_254,m,B,21,0,4,3,99.7
name_542,m,B,5,0,0,0,8.5
name_151,m,B,20,0,0,3,91.0
name_1740,f,P,4,0,0,5,6.2
name_214,f,P,4,0,0,3,6.2
name_1602,m,B,10,1,0,5,26.0
name_661,m,B,5,1,0,4,8.5
name_635,m,B,20,0,4,4,91.0
name_1371,f,P,12,1,5,0,35.8
name_1966,f,P,4,0,0,4,6.2
name_1891,f,P,4,0,2,4,6.2
name_1442,f,P,17,0,2,3,67.3
name_1856,f,P,1,0,5,5,1.7
name_1188,m,P,1,0,3,4,1.7
name_1253,f,P,6,0,1,5,11.2
name_622,m,P,15,0,2,4,53.5
name_1263,f,P,1,0,5,4,1.7
name_969,m,P,10,1,0,4,26.0
name_1002,m,B,14,0,0,3,47.2
name_1284,m,P,11,0,2,4,30.7
name_1273,m,P,5,0,0,0,8.5
name_305,m,B,8,0,0,4,17.8
name_669,f,P,21,0,5,4,99.7
name_632,f,U,16,0,0,4,60.2
name_878,f,B,14,0,0,3,47.2
name_1699,f,B,9,0,0,4,21.7
name_222,f,P,20,0,0,3,91.0
name_301,f,B,22,0,0,5,108.8
name_1095,f,B,11,0,1,4,30.7
name_401,m,P,8,1,0,3,17.8
name_917,m,U,7,1,0,4,14.3
name_1381,f,P,4,1,0,3,6.2
name_1436,m,B,20,0,0,5,91.0
name_452,m,B,7,1,0,5,14.3
name_1978,m,B,7,0,3,5,14.3
name_1046,m,P,5,0,3,4,8.5
name_869,m,B,21,0,0,4,99.7
name_1924,m,P,7,1,0,4,14.3
name_1072,f,B,1,0,0,0,1.7
name_1167,m,B,17,0,3,3,67.3
name_870,m,P,8,4,3,4,17.8
name_945,f,P,20,0,0,5,91.0
name_1558,f,B,7,0,0,4,14.3
name_1271,f,P,5,1,0,3,8.5
name_249,m,P,10,4,0,4,26.0
name_1375,f,B,8,0,3,4,17.8
name_1926,m,P,12,1,4,4,35.8
name_1197,m,P,4,1,0,0,6.2
name_952,f,P,12,1,2,5,35.8
name_528,m,P,7,0,0,3,14.3
name_763,f,P,10,0,5,0,26.0
name_1659,f,B,14,0,0,0,47.2
name_1036,m,B,5,0,0,3,8.5
name_855,m,P,21,0,0,4,99.7
name_856,m,P,21,0,1,4,99.7
name_1331,m,P,1,0,0,4,1.7
name_620,m,B,6,0,0,1,11.2
name_285,f,B,4,1,5,2,6.2
name_858,f,P,14,0,0,4,47.2
name_245,m,B,22,0,0,4,108.8
name_1730,f,P,21,0,0,5,99.7
name_309,f,B,10,1,5,5,26.0
name_356,f,P,18,0,0,3,74.8
name_1842,m,P,20,0,0,3,91.0
name_103,f,P,13,0,0,0,41.3
name_1776,m,P,1,1,1,4,1.7
name_1914,m,P,13,0,0,4,41.3
name_1278,m,B,1,1,2,3,1.7
name_1808,m,P,5,1,0,4,8.5
name_34,m,B,1,0,0,4,1.7
name_1183,m,B,5,0,0,0,8.5
name_873,f,B,3,0,3,3,4.3
name_636,m,P,12,0,0,4,35.8
name_364,f,P,3,0,0,3,4.3
name_1672,m,B,15,0,0,4,53.5
name_457,m,B,4,1,0,4,6.2
name_1337,m,B,12,0,2,4,35.8
name_599,f,P,2,0,0,5,2.8
name_1361,m,B,11,1,0,4,30.7
name_87,m,P,1,0,0,4,1.7
name_1181,m,B,7,1,0,5,14.3
name_1799,f,B,7,1,0,1,14.3
name_1998,m,B,15,0,3,5,53.5
name_781,m,B,11,1,1,0,30.7
name_41,f,P,15,0,0,4,53.5
name_823,f,B,19,0,2,0,82.7
name_1112,f,P,4,0,0,5,6.2
name_1388,m,P,13,0,0,4,41.3
name_1832,m,B,23,0,0,0,118.3
name_1217,m,B,5,0,2,3,8.5
name_1986,m,B,12,0,2,4,35.8
name_1279,f,B,22,0,3,4,108.8
name_1431,f,U,13,0,1,3,41.3
name_799,m,B,4,1,0,3,6.2
name_238,m,P,19,0,0,3,82.7
name_1495,f,B,4,0,0,3,6.2
name_1578,m,B,11,3,4,2,30.7
name_1487,f,P,10,0,2,4,26.0
name_369,f,P,20,0,0,4,91.0
name_1048,m,U,4,1,4,2,6.2
name_1708,f,P,1,1,0,4,1.7
name_1359,m,B,9,0,0,0,21.7
name_1899,f,P,22,0,1,3,108.8
name_1269,f,P,9,1,2,4,21.7
name_1604,f,P,9,0,5,4,21.7
name_1541,f,P,19,0,1,5,82.7
name_526,f,P,7,1,0,4,14.3
name_1554,f,P,5,0,0,0,8.5
name_1745,m,B,22,0,0,3,108.8
name_1066,f,P,7,1,0,2,14.3
name_1386,m,B,16,0,0,0,60.2
name_30,f,B,2,0,5,5,2.8
name_354,m,B,22,0,0,5,108.8
name_734,f,B,15,0,1,1,53.5
name_289,m,B,5,1,1,2,8.5
name_138,m,P,1,0,0,5,1.7
name_88,f,B,14,0,0,1,47.2
name_524,f,P,10,0,0,1,26.0
name_1596,f,P,20,0,0,4,91.0
name_408,m,P,8,0,5,0,17.8
name_1126,f,B,10,0,4,4,26.0
name_684,m,B,23,0,0,4,118.3
name_690,m,B,3,0,1,1,4.3
name_293,m,B,23,0,0,5,118.3
name_1977,f,B,14,0,0,0,47.2
name_1821,f,P,22,0,1,5,108.8
name_1493,m,B,20,0,0,4,91.0
name_591,f,B,15,0,0,3,53.5
name_1020,m,P,11,5,0,3,30.7
name_1896,f,P,10,0,0,3,26.0
name_751,f,P,10,0,0,1,26.0
name_1500,f,P,3,0,0,4,4.3
name_392,m,P,16,0,0,5,60.2
name_108,m,B,13,0,0,4,41.3
name_80,f,B,20,0,0,0,91.0
name_1673,m,B,1,1,5,3,1.7
name_721,m,B,4,1,0,0,6.2
name_1116,m,P,15,0,0,4,53.5
name_1813,m,P,7,0,3,5,14.3
name_1946,f,B,2,1,0,4,2.8
name_1909,f,B,10,0,3,2,26.0
name_1145,f,B,23,0,3,5,118.3
name_1825,m,B,19,0,1,3,82.7
name_1205,m,P,22,0,5,5,108.8
name_274,m,P,23,0,0,4,118.3
name_1513,f,B,19,0,4,3,82.7
name_770,f,P,3,0,0,5,4.3
name_625,f,P,12,0,0,4,35.8
name_872,m,P,22,0,5,5,108.8
name_1989,m,P,22,0,0,4,108.8
name_1085,m,B,23,0,0,5,118.3
name_1395,f,U,6,4,0,4,11.2
name_840,m,P,11,1,5,5,30.7
name_589,m,B,1,1,1,5,1.7
name_1022,m,P,1,1,5,3,1.7
name_782,f,P,1,1,2,0,1.7
name_688,f,B,20,0,0,4,91.0
name_1764,m,B,1,0,4,4,1.7
name_698,m,B,9,0,1,5,21.7
name_374,f,P,19,0,1,4,82.7
name_755,f,B,2,1,2,5,2.8
name_93,m,P,22,0,5,5,108.8
name_434,f,B,4,1,1,3,6.2
name_193,f,P,6,0,0,5,11.2
name_653,f,P,1,1,0,0,1.7
name_1484,f,B,22,0,0,5,108.8
name_1661,f,B,15,0,5,3,53.5
name_548,f,B,15,0,5,3,53.5
name_1913,m,B,7,0,3,5,14.3
name_1705,f,B,11,1,5,5,30.7
name_1927,m,B,2,0,0,5,2.8
name_693,m,P,11,0,3,3,30.7
name_1417,f,P,21,0,2,5,99.7
name_22,f,B,4,1,0,5,6.2
name_937,f,U,9,0,1,0,21.7
name_1206,f,B,23,0,4,1,118.3
name_1781,m,B,16,0,0,1,60.2
name_1794,m,P,5,1,0,0,8.5
name_1617,f,B,6,1,1,0,11.2
name_1348,m,B,19,0,2,4,82.7
name_695,f,B,12,0,0,4,35.8
name_391,m,B,21,0,0,5,99.7
name_1077,f,B,9,0,0,0,21.7
name_1281,f,B,1,1,0,3,1.7
name_259,m,B,12,1,0,0,35.8
name_783,f,P,17,0,1,3,67.3
name_920,m,B,16,0,0,4,60.2
name_1628,m,B,18,0,0,1,74.8
name_1871,f,P,14,0,3,0,47.2
name_97,m,P,22,0,2,3,108.8
name_746,f,P,1,1,2,5,1.7
name_1462,m,P,2,1,5,4,2.8
name_549,f,B,3,0,0,4,4.3
name_346,f,B,12,0,0,4,35.8
name_1317,f,B,15,0,3,5,53.5
name_1486,m,B,13,0,4,5,41.3
name_1637,m,B,19,0,5,1,82.7
name_1259,f,B,11,1,5,2,30.7
name_154,m,B,1,1,0,3,1.7
name_1867,f,B,3,0,0,5,4.3
name_1483,m,P,22,0,0,4,108.8
name_200,f,U,15,0,0,4,53.5
name_470,m,B,15,0,0,3,53.5
name_459,m,P,21,0,2,4,99.7
name_1272,f,P,9,0,0,4,21.7
name_1652,m,P,7,1,4,3,14.3
name_1409,m,B,6,2,3,5,11.2
name_43,m,P,9,1,4,0,21.7
name_1536,f,P,12,1,0,3,35.8
name_1880,f,B,13,0,0,3,41.3
name_888,m,B,18,0,0,4,74.8
name_1326,f,P,21,0,2,4,99.7
name_1881,m,B,13,0,3,4,41.3
name_1016,f,B,4,0,5,3,6.2
name_1804,m,B,21,0,1,4,99.7
name_1631,f,B,9,2,0,5,21.7
name_1071,f,P,6,0,0,3,11.2
name_253,f,P,23,0,0,4,118.3
name_1790,f,P,4,0,1,2,6.2
name_1577,f,B,8,0,0,4,17.8
name_668,f,P,7,0,5,4,14.3
name_1173,m,B,19,0,0,0,82.7
name_371,f,U,6,0,1,4,11.2
name_1920,f,B,13,0,0,3,41.3
name_472,f,P,19,0,0,3,82.7
name_1231,m,P,1,0,4,4,1.7
name_1351,f,B,16,0,3,3,60.2
name_463,f,U,20,0,5,3,91.0
name_184,f,P,13,0,5,0,41.3
name_600,f,P,10,0,0,3,26.0
name_1300,m,B,23,0,0,3,118.3
name_1097,f,B,5,0,5,3,8.5
name_169,f,B,18,0,0,3,74.8
name_1818,m,B,15,0,2,4,53.5
name_1176,f,P,20,0,0,4,91.0
name_768,f,P,15,0,0,0,53.5
name_1923,f,P,11,1,0,4,30.7
name_1828,f,B,13,0,0,4,41.3
name_704,f,P,1,1,0,4,1.7
name_377,m,B,1,0,4,5,1.7
name_226,m,B,3,0,0,4,4.3
name_515,m,B,3,0,0,5,4.3
name_518,m,B,17,0,0,4,67.3
name_1411,f,P,5,0,2,0,8.5
name_1831,f,B,23,0,0,4,118.3
name_435,m,P,17,0,0,4,67.3
name_550,m,P,22,0,4,5,108.8
name_1943,f,P,1,0,5,5,1.7
name_1280,f,B,20,0,0,5,91.0
name_1674,f,B,17,0,0,3,67.3
name_1086,f,P,3,1,0,3,4.3
name_323,m,P,7,2,2,1,14.3
name_1144,m,P,9,0,1,0,21.7
name_1560,f,P,10,0,4,5,26.0
name_1953,m,P,13,0,0,0,41.3
name_646,f,B,1,0,0,5,1.7
name_519,m,P,9,1,0,5,21.7
name_1064,m,P,18,0,3,5,74.8
name_747,f,P,10,0,4,0,26.0
name_507,f,P,20,0,1,4,91.0
name_1565,f,B,4,0,5,5,6.2
name_94,f,B,1,0,0,4,1.7
name_1587,m,B,21,0,5,5,99.7
name_742,m,B,9,3,0,4,21.7
name_1807,f,P,16,0,0,0,60.2
name_1890,f,B,3,0,1,0,4.3
name_1165,m,B,15,0,0,5,53.5
name_1415,f,P,22,0,0,3,108.8
name_1704,f,B,13,0,0,5,41.3
name_700,m,B,19,0,0,5,82.7
name_6,f,B,19,0,0,4,82.7
name_1582,m,B,17,0,0,4,67.3
name_606,f,B,10,0,0,3,26.0
name_1052,m,P,6,0,0,4,11.2
name_150,f,P,19,0,0,3,82.7
name_848,f,B,16,0,1,0,60.2
name_1322,f,P,13,0,3,3,41.3
name_874,f,B,9,0,0,5,21.7
name_445,f,P,17,0,1,4,67.3
name_171,f,B,10,0,0,1,26.0
name_1930,m,B,13,0,1,5,41.3
name_1170,f,P,6,0,2,0,11.2
name_811,f,B,20,0,0,4,91.0
name_879,m,B,19,0,0,4,82.7
name_1788,m,P,2,0,3,4,2.8
name_174,f,B,1,0,0,3,1.7
name_1838,m,B,17,0,1,0,67.3
name_1770,m,B,15,0,0,4,53.5
name_1783,f,P,6,5,0,0,11.2
name_541,f,B,3,0,4,1,4.3
name_1863,m,P,6,3,2,4,11.2
name_329,m,P,13,0,1,0,41.3
name_1941,m,P,13,0,1,5,41.3
name_1178,m,B,23,0,5,4,118.3
name_396,m,P,9,0,0,5,21.7
name_1981,m,P,2,0,0,4,2.8
name_247,f,P,7,0,3,3,14.3
name_892,m,P,17,0,0,3,67.3
name_535,f,P,8,0,1,4,17.8
name_179,f,P,14,0,2,4,47.2
name_1270,f,B,1,4,0,5,1.7
name_1288,f,U,4,1,0,4,6.2
name_537,f,P,16,0,0,4,60.2
name_127,m,B,7,0,4,4,14.3
name_1192,f,P,10,0,0,0,26.0
name_1499,m,B,18,0,0,4,74.8
name_134,m,B,6,1,0,4,11.2
name_1058,m,U,7,0,0,4,14.3
name_420,f,B,1,1,2,5,1.7
name_1383,m,U,12,0,0,4,35.8
name_723,f,P,16,0,0,4,60.2
name_610,f,B,2,0,2,2,2.8
name_1569,m,P,23,0,1,3,118.3
name_1328,f,P,12,1,0,1,35.8
name_218,m,U,1,0,0,4,1.7
name_623,f,P,16,0,0,4,60.2
name_1573,f,B,3,1,0,4,4.3
name_1706,f,B,5,0,4,2,8.5
name_1358,m,B,8,0,0,4,17.8
name_1226,m,U,17,0,5,4,67.3
name_1925,f,P,20,0,5,3,91.0
name_752,f,B,13,0,1,4,41.3
name_1040,m,B,14,0,0,0,47.2
name_1450,f,P,21,0,0,4,99.7
name_1225,f,B,3,0,0,0,4.3
name_792,m,B,13,0,1,4,41.3
name_1341,f,B,22,0,5,4,108.8
name_1719,m,B,17,0,5,5,67.3
name_999,m,B,21,0,0,4,99.7
name_362,f,P,22,0,1,3,108.8
name_27,m,P,21,0,0,5,99.7
name_31,f,P,17,0,0,0,67.3
name_703,m,B,10,0,0,4,26.0
name_1823,f,P,10,3,2,4,26.0
name_398,f,B,21,0,5,4,99.7
name_1874,f,P,2,0,0,2,2.8
name_1932,f,B,12,0,0,4,35.8
name_1865,f,B,1,0,1,5,1.7
name_1502,m,B,8,0,0,4,17.8
name_1353,f,B,15,0,0,5,53.5
name_1869,f,P,2,1,4,4,2.8
name_158,m,B,1,0,1,1,1.7
name_240,m,B,7,0,3,0,14.3
name_545,m,P,1,1,0,4,1.7
name_1964,f,P,14,0,0,0,47.2
name_1720,f,B,18,0,0,1,74.8
name_176,f,B,10,1,0,4,26.0
name_1509,f,P,18,0,5,0,74.8
name_307,m,B,23,0,0,4,118.3
name_1090,f,P,20,0,4,4,91.0
name_1017,f,B,7,0,0,4,14.3
name_1327,f,P,4,4,0,0,6.2
name_562,m,B,17,0,0,4,67.3
name_1579,f,P,15,0,0,5,53.5
name_1413,m,B,11,4,5,5,30.7
name_1638,m,P,18,0,5,4,74.8
name_1195,f,P,15,0,4,4,53.5
name_854,f,P,2,0,0,3,2.8
name_1121,f,B,5,0,2,3,8.5
name_109,f,B,16,0,0,4,60.2
name_1153,m,B,21,0,5,5,99.7
name_860,m,B,12,1,0,2,35.8
name_1474,f,U,2,0,3,1,2.8
name_1416,m,B,12,0,0,5,35.8
name_272,f,B,16,0,3,2,60.2
name_12,f,P,22,0,5,4,108.8
name_1424,m,B,18,0,0,1,74.8
name_516,m,P,19,0,1,4,82.7
name_733,m,P,18,0,4,4,74.8
name_282,f,B,19,0,0,4,82.7
name_744,m,B,22,0,0,1,108.8
name_766,f,P,5,0,0,4,8.5
name_1014,m,B,13,0,1,4,41.3
name_1202,f,P,11,1,0,4,30.7
name_575,m,P,8,0,0,5,17.8
name_1482,f,B,21,0,0,4,99.7
name_1034,f,P,14,0,0,5,47.2
name_1267,m,U,9,0,0,3,21.7
name_1240,m,P,2,0,1,1,2.8
name_1044,m,B,8,4,0,5,17.8
name_119,f,B,3,3,1,4,4.3
name_1588,f,B,14,0,0,3,47.2
name_260,m,B,1,1,0,1,1.7
name_433,m,P,6,2,3,0,11.2
name_1472,m,B,13,0,0,4,41.3
name_2,f,P,13,0,0,4,41.3
name_1683,f,P,20,0,5,4,91.0
name_1961,f,P,17,0,1,3,67.3
name_880,m,P,10,0,0,4,26.0
name_1767,f,P,18,0,0,5,74.8
name_1872,m,B,18,0,0,5,74.8
name_1829,m,P,6,1,0,4,11.2
name_586,m,P,22,0,5,4,108.8
name_1622,m,P,20,0,0,3,91.0
name_1841,f,P,10,1,0,5,26.0
name_1827,f,P,18,0,0,4,74.8
name_1870,f,B,22,0,0,4,108.8
name_1015,m,B,1,2,0,4,1.7
name_930,m,B,14,0,3,3,47.2
name_1859,f,B,18,0,0,4,74.8
name_931,m,B,6,1,0,4,11.2
name_532,m,B,21,0,0,0,99.7
name_1122,f,P,2,1,5,4,2.8
name_1360,m,P,1,0,0,4,1.7
name_68,m,B,6,1,1,3,11.2
name_1295,m,B,20,0,0,3,91.0
name_100,m,B,7,1,4,5,14.3
name_831,f,P,21,0,5,4,99.7
name_500,f,B,6,0,0,4,11.2
name_1954,f,B,9,1,0,4,21.7
name_221,m,B,18,0,0,4,74.8
name_525,m,P,22,0,0,3,108.8
name_125,m,P,3,0,0,0,4.3
name_192,m,B,15,0,5,3,53.5
name_499,m,P,21,0,0,4,99.7
name_314,m,P,3,0,1,3,4.3
name_1435,m,B,6,0,5,2,11.2
name_58,m,P,13,0,0,5,41.3
name_332,f,B,20,0,5,4,91.0
name_905,f,B,7,0,0,4,14.3
name_946,f,P,1,0,0,2,1.7
name_1412,m,B,3,0,2,4,4.3
name_1447,f,B,13,0,0,0,41.3
name_1743,m,B,6,0,4,5,11.2
name_165,f,P,5,0,5,0,8.5
name_932,m,P,21,0,2,4,99.7
name_1566,m,B,21,0,0,1,99.7
name_1109,m,B,10,0,3,0,26.0
name_1503,f,P,2,2,0,5,2.8
name_826,f,B,16,0,0,4,60.2
name_188,f,B,3,3,0,0,4.3
name_28,m,P,1,1,0,4,1.7
name_421,m,P,22,0,0,2,108.8
name_1449,m,B,19,0,0,4,82.7
name_1110,m,U,11,1,0,0,30.7
name_1918,f,B,5,1,3,1,8.5
name_454,f,U,5,0,1,4,8.5
name_4,m,B,9,0,0,3,21.7
name_673,f,B,9,0,0,2,21.7
name_1199,f,B,9,0,0,4,21.7
name_73,m,P,2,0,1,4,2.8
name_49,m,B,21,0,3,4,99.7
name_273,f,P,6,1,0,4,11.2
name_496,m,B,20,0,5,3,91.0
name_1496,m,B,12,0,0,4,35.8
name_327,f,B,19,0,0,3,82.7
name_1777,m,B,1,1,1,1,1.7
name_26,m,P,7,0,0,5,14.3
name_380,f,P,19,0,5,4,82.7
name_1759,m,B,12,0,0,4,35.8
name_660,m,P,19,0,5,5,82.7
name_1567,f,B,16,0,0,4,60.2
name_1949,f,P,9,0,0,3,21.7
name_1210,f,B,5,0,0,0,8.5
name_1127,f,P,11,5,0,4,30.7
name_1922,f,P,5,0,0,4,8.5
name_216,f,B,15,0,4,4,53.5
name_1733,m,B,18,0,5,4,74.8
name_1851,f,B,23,0,0,4,118.3
name_1453,f,P,22,0,0,3,108.8
name_877,m,P,20,0,3,5,91.0
name_477,f,B,11,0,0,4,30.7
name_181,m,U,1,0,2,4,1.7
name_1772,m,B,1,2,0,3,1.7
name_1133,m,U,14,0,0,4,47.2
name_1274,m,B,16,0,3,4,60.2
name_607,f,B,12,1,4,3,35.8
name_740,f,P,17,0,0,1,67.3
name_1184,f,P,16,0,4,4,60.2
name_1811,f,P,19,0,0,4,82.7
name_749,m,P,18,0,0,4,74.8
name_531,m,B,22,0,0,2,108.8
name_1467,f,B,13,0,0,4,41.3
name_842,m,B,11,0,4,4,30.7
name_868,m,U,20,0,0,4,91.0
name_1050,f,B,6,0,0,5,11.2
name_985,f,B,1,1,0,5,1.7
name_263,m,P,18,0,0,0,74.8
name_1762,m,B,23,0,5,3,118.3
name_705,m,P,17,0,0,3,67.3
name_863,f,B,18,0,0,3,74.8
name_1843,m,P,11,1,0,0,30.7
name_358,f,B,21,0,1,4,99.7
name_1531,m,P,14,0,0,1,47.2
name_283,m,B,2,1,1,3,2.8
name_1446,f,B,12,0,0,1,35.8
name_618,f,P,3,0,1,4,4.3
name_1982,f,B,4,0,0,4,6.2
name_1785,f,U,5,1,4,5,8.5
name_1222,f,P,22,0,0,3,108.8
name_638,f,P,2,0,0,5,2.8
name_1580,m,B,21,0,2,4,99.7
name_699,m,B,23,0,4,5,118.3
name_619,m,B,11,0,0,5,30.7
name_976,f,B,7,1,5,4,14.3
name_57,f,B,14,0,2,0,47.2
name_725,f,U,14,0,0,3,47.2
name_120,m,P,14,0,5,3,47.2
name_861,m,B,7,0,0,3,14.3
name_246,m,B,4,0,0,4,6.2
name_675,f,B,7,0,0,4,14.3
name_178,m,U,23,0,4,3,118.3
name_213,f,B,21,0,3,3,99.7
name_1162,f,B,17,0,1,4,67.3
name_816,f,P,5,0,5,2,8.5
name_419,f,U,23,0,0,4,118.3
name_1150,m,U,8,1,1,4,17.8
name_1401,m,B,1,0,0,5,1.7
name_708,f,B,7,0,0,0,14.3
name_320,f,B,5,0,0,3,8.5
name_131,m,B,8,1,5,3,17.8
name_813,f,P,2,0,1,4,2.8
name_387,m,P,3,0,0,5,4.3
name_95,f,P,4,0,0,4,6.2
name_333,f,P,3,0,0,5,4.3
name_1537,f,B,5,0,1,0,8.5
name_1241,f,B,17,0,0,4,67.3
name_411,f,P,6,1,3,4,11.2
name_593,m,B,15,0,0,5,53.5
name_201,m,B,4,1,0,3,6.2
name_1414,f,P,13,0,0,4,41.3
name_1092,m,B,1,0,0,4,1.7
name_349,f,P,14,0,3,4,47.2
name_1585,m,B,2,1,5,1,2.8
name_709,m,B,10,0,0,4,26.0
name_1885,f,B,13,0,3,4,41.3
name_1744,f,P,4,0,4,4,6.2
name_1620,m,P,12,4,4,0,35.8
name_65,f,U,23,0,1,4,118.3
name_989,m,P,7,0,3,3,14.3
name_277,f,B,18,0,0,3,74.8
name_341,f,P,16,0,1,3,60.2
name_1289,m,B,23,0,0,3,118.3
name_1201,f,B,19,0,0,5,82.7
name_1717,f,P,2,0,0,4,2.8
name_1562,f,B,17,0,0,0,67.3
name_1601,m,B,19,0,0,4,82.7
name_800,f,U,15,0,4,5,53.5
name_1765,m,B,1,1,5,4,1.7
name_284,m,B,7,1,2,0,14.3
name_464,f,P,10,1,0,4,26.0
name_557,m,B,1,0,0,3,1.7
name_128,m,P,11,0,0,4,30.7
name_1302,f,B,11,0,5,3,30.7
name_697,m,B,5,0,0,4,8.5
name_1643,f,B,4,1,0,3,6.2
name_495,m,B,4,0,1,4,6.2
name_211,m,B,18,0,0,4,74.8
name_940,m,B,9,0,0,3,21.7
name_1819,f,P,19,0,0,4,82.7
name_1025,f,B,2,1,0,3,2.8
name_1102,m,B,20,0,1,4,91.0
name_645,m,B,2,0,0,5,2.8
name_1976,f,P,4,1,2,0,6.2
name_1159,m,B,12,1,1,5,35.8
name_1469,f,B,14,0,5,1,47.2
name_1372,m,P,2,1,0,0,2.8
name_406,m,B,1,1,2,5,1.7
name_1636,f,P,22,0,4,5,108.8
name_1306,f,P,18,0,2,5,74.8
name_1876,m,B,8,0,1,2,17.8
name_1139,f,B,1,0,0,4,1.7
name_1454,f,P,1,1,4,0,1.7
name_425,f,B,18,0,0,4,74.8
name_1712,m,B,4,1,0,4,6.2
name_793,m,B,14,0,1,0,47.2
name_227,f,B,20,0,0,5,91.0
name_1260,f,B,4,0,0,4,6.2
name_846,f,B,2,1,0,4,2.8
name_871,m,B,23,0,0,3,118.3
name_1798,m,B,22,0,0,3,108.8
name_1250,m,P,13,0,0,3,41.3
name_1894,f,B,14,0,0,5,47.2
name_737,m,P,19,0,0,4,82.7
name_437,f,B,5,1,0,5,8.5
name_280,m,U,1,1,0,0,1.7
name_473,f,P,6,0,2,5,11.2
name_156,m,B,11,0,1,4,30.7
name_1840,m,P,12,0,0,3,35.8
name_1421,m,B,23,0,4,3,118.3
name_415,f,B,1,0,0,4,1.7
name_986,f,P,11,0,0,4,30.7
name_936,f,P,15,0,3,0,53.5
name_1752,m,B,20,0,0,4,91.0
name_1845,m,P,1,0,3,1,1.7
name_1042,m,B,5,0,0,3,8.5
name_580,m,B,21,0,0,5,99.7
name_206,f,P,19,0,0,4,82.7
name_1070,f,P,3,1,0,3,4.3
name_137,f,B,19,0,0,5,82.7
name_838,f,B,1,1,0,4,1.7
name_558,f,B,3,1,0,4,4.3
name_1760,m,B,7,1,2,4,14.3
name_397,f,P,5,0,0,5,8.5
name_875,f,P,1,0,0,0,1.7
name_446,m,B,9,1,5,4,21.7
name_1773,f,P,10,0,5,4,26.0
name_1329,m,B,12,1,2,5,35.8
name_501,m,B,9,1,0,4,21.7
name_1185,f,P,4,0,0,4,6.2
name_836,f,B,1,1,0,3,1.7
name_1304,m,B,16,0,0,4,60.2
name_543,f,B,16,0,0,4,60.2
name_1806,m,B,16,0,3,3,60.2
name_959,f,B,6,1,0,4,11.2
name_348,m,P,13,0,0,0,41.3
name_990,f,U,5,0,0,4,8.5
name_133,f,P,3,0,0,4,4.3
name_1589,f,B,17,0,0,5,67.3
name_1141,m,B,6,2,5,4,11.2
name_1045,f,P,18,0,4,5,74.8
name_1140,f,P,23,0,0,4,118.3
name_152,f,P,15,0,3,4,53.5
name_821,m,P,6,1,0,4,11.2
name_1921,m,P,19,0,5,4,82.7
name_1385,f,B,12,0,0,5,35.8
name_237,m,U,17,0,5,5,67.3
name_1136,f,P,7,0,0,4,14.3
name_388,f,B,23,0,0,4,118.3
name_1645,m,P,10,1,1,5,26.0
name_439,m,B,3,0,0,4,4.3
name_1618,m,P,23,0,0,5,118.3
name_1539,m,B,5,0,0,0,8.5
name_912,f,B,1,1,2,0,1.7
name_739,m,P,3,0,0,5,4.3
name_1625,m,B,4,1,3,4,6.2
name_190,f,P,20,0,0,4,91.0
name_1157,m,B,4,0,4,5,6.2
name_141,m,B,1,1,1,4,1.7
name_706,m,P,5,0,0,4,8.5
name_1432,f,P,12,0,0,4,35.8
name_1155,m,B,1,0,4,3,1.7
name_1746,m,P,22,0,1,3,108.8
name_1074,m,B,23,0,0,4,118.3
name_1305,f,B,14,0,3,5,47.2
name_1294,f,B,6,1,0,2,11.2
name_418,f,P,15,0,5,3,53.5
name_1113,m,B,16,0,0,4,60.2
name_63,f,B,1,0,0,3,1.7
name_1935,f,B,8,0,0,3,17.8
name_1461,f,B,23,0,0,4,118.3
name_1103,m,B,23,0,5,4,118.3
name_1540,f,B,2,2,0,4,2.8
name_1668,m,B,15,0,2,4,53.5
name_1255,m,B,3,0,2,2,4.3
name_1911,f,B,6,1,0,4,11.2
name_1669,f,B,11,3,0,5,30.7
name_92,f,P,11,0,1,5,30.7
name_230,m,P,18,0,0,2,74.8
name_36,f,B,16,0,0,3,60.2
name_810,m,P,20,0,0,4,91.0
name_1498,m,B,17,0,0,4,67.3
name_934,f,B,5,1,0,4,8.5
name_1471,m,B,19,0,0,4,82.7
name_90,f,B,14,0,0,3,47.2
name_5,f,B,22,0,1,5,108.8
name_1972,f,P,7,0,5,4,14.3
name_804,f,B,11,0,0,3,30.7
name_1529,f,P,5,0,0,5,8.5
name_1261,m,U,2,0,0,4,2.8
name_1800,f,B,2,0,1,5,2.8
name_547,f,B,6,1,0,2,11.2
name_641,f,P,4,0,0,4,6.2
name_828,f,B,3,0,2,0,4.3
name_234,f,B,1,3,1,5,1.7
name_1018,f,P,21,0,0,3,99.7
name_1973,m,B,20,0,0,4,91.0
name_1004,m,B,1,0,0,5,1.7
name_812,m,B,21,0,0,4,99.7
name_1107,f,P,3,1,0,4,4.3
name_59,m,P,10,0,0,4,26.0
name_1703,m,B,4,0,0,3,6.2
name_1026,f,B,5,0,0,4,8.5
name_750,f,P,21,0,5,5,99.7
name_907,f,P,13,0,1,5,41.3
name_366,m,P,1,1,0,3,1.7
name_1553,m,P,12,0,0,4,35.8
name_523,f,P,6,1,1,1,11.2
name_1701,m,B,22,0,2,0,108.8
name_475,f,B,6,0,2,4,11.2
name_651,f,B,3,1,0,4,4.3
name_1697,m,B,17,0,0,5,67.3
name_1440,m,P,2,0,0,1,2.8
name_278,m,B,14,0,0,5,47.2
name_258,m,P,1,1,0,5,1.7
name_1568,m,P,10,0,0,4,26.0
name_1238,m,B,1,0,0,3,1.7
name_118,f,P,17,0,3,3,67.3
name_1814,m,B,21,0,0,4,99.7
name_571,f,P,23,0,0,1,118.3
name_490,m,B,9,0,0,3,21.7
name_954,f,P,3,1,0,0,4.3
name_69,f,P,12,2,0,0,35.8
name_1073,m,B,13,0,2,3,41.3
name_530,f,U,17,0,0,1,67.3
name_1224,f,B,19,0,5,4,82.7
name_802,m,P,14,0,0,0,47.2
name_478,f,B,1,1,0,5,1.7
name_1950,m,P,21,0,0,5,99.7
name_567,f,P,21,0,0,4,99.7
name_1937,m,P,21,0,0,0,99.7
name_1443,m,P,4,2,0,5,6.2
name_1810,f,P,23,0,0,4,118.3
name_1216,m,U,21,0,0,4,99.7
name_967,f,B,2,1,0,0,2.8
name_899,f,B,14,0,1,0,47.2
name_1707,m,P,11,0,3,4,30.7
name_1693,m,B,17,0,0,3,67.3
name_1748,f,B,6,0,1,0,11.2
name_1313,m,B,2,1,0,4,2.8
name_38,m,P,15,0,0,4,53.5
name_1080,f,B,11,1,1,4,30.7
name_1160,m,P,5,0,0,4,8.5
name_995,f,P,6,1,5,4,11.2
name_949,m,B,10,0,1,1,26.0
name_1887,m,B,21,0,0,4,99.7
name_1898,f,B,1,1,2,4,1.7
name_1694,m,P,1,0,1,5,1.7
name_898,f,B,1,0,5,0,1.7
name_105,f,B,12,1,0,4,35.8
name_1938,f,B,8,1,4,4,17.8
name_1812,f,B,15,0,0,0,53.5
name_1142,f,U,20,0,0,3,91.0
name_958,m,B,16,0,0,4,60.2
name_1877,m,P,15,0,5,5,53.5
name_25,m,P,16,0,0,3,60.2
name_1883,f,B,1,1,0,4,1.7
name_943,m,B,18,0,0,5,74.8
name_123,f,B,4,0,0,5,6.2
name_1963,f,B,19,0,0,0,82.7
name_1633,m,P,8,1,0,4,17.8
name_1847,f,B,2,1,0,3,2.8
name_1796,m,B,8,1,1,4,17.8
name_1208,m,P,14,0,1,0,47.2
name_612,m,B,4,1,0,2,6.2
name_1342,f,B,22,0,0,0,108.8
name_845,m,B,3,0,0,3,4.3
name_1291,f,P,13,0,0,0,41.3
name_914,f,B,12,0,4,4,35.8
name_1108,m,P,23,0,0,5,118.3
name_427,f,B,1,1,4,4,1.7
name_1563,m,B,14,0,0,2,47.2
name_825,f,B,9,0,5,4,21.7
name_1778,f,P,22,0,0,3,108.8
name_1780,f,B,8,0,2,4,17.8
name_114,f,P,2,0,0,4,2.8
name_1468,m,B,5,1,1,0,8.5
name_1548,m,B,17,0,1,0,67.3
name_1394,m,B,18,0,0,4,74.8
name_701,f,P,22,0,0,5,108.8
name_448,m,P,9,1,0,3,21.7
name_950,f,B,12,0,1,5,35.8
name_52,m,B,11,0,0,3,30.7
name_487,f,P,3,1,0,4,4.3
name_1709,f,B,15,0,2,4,53.5
name_1368,f,P,13,0,0,5,41.3
name_1008,m,B,5,0,0,3,8.5
name_1654,m,B,2,0,0,0,2.8
name_867,f,B,6,0,0,4,11.2
name_290,m,B,3,0,0,3,4.3
name_629,m,P,21,0,0,5,99.7
name_54,f,P,11,0,0,3,30.7
name_1399,f,P,1,0,0,5,1.7
name_1391,m,B,14,0,0,4,47.2
name_256,f,P,23,0,0,3,118.3
name_1524,f,P,6,0,0,4,11.2
name_40,f,P,10,1,1,0,26.0
name_1285,f,B,21,0,3,4,99.7
name_1774,f,B,15,0,1,0,53.5
name_1564,m,B,2,0,0,4,2.8
name_1688,m,U,12,1,4,3,35.8
name_1731,m,B,13,0,0,4,41.3
name_1427,m,U,17,0,5,4,67.3
name_1792,m,B,21,0,0,4,99.7
name_115,m,B,16,0,2,4,60.2
name_884,m,B,9,0,1,1,21.7
name_1860,m,B,22,0,3,4,108.8
name_1491,f,P,3,0,0,0,4.3
name_199,f,B,1,0,2,4,1.7
name_1561,f,B,13,0,0,4,41.3
name_1801,m,B,17,0,0,0,67.3
name_431,m,B,6,1,0,4,11.2
name_1657,f,P,1,0,0,4,1.7
name_428,m,P,3,0,5,3,4.3
name_1309,f,P,19,0,0,0,82.7
name_678,f,P,22,0,0,4,108.8
name_60,m,B,2,0,1,3,2.8
name_539,m,P,7,0,2,4,14.3
name_533,m,B,5,1,2,4,8.5
name_321,m,P,17,0,0,2,67.3
name_1037,m,P,1,0,3,4,1.7
name_412,m,B,12,1,0,0,35.8
name_617,f,B,4,1,5,4,6.2
name_303,f,B,6,1,1,2,11.2
name_939,m,B,18,0,0,3,74.8
name_640,f,P,1,0,0,4,1.7
name_219,f,P,18,0,1,3,74.8
name_978,f,B,9,0,0,0,21.7
name_1839,f,P,8,0,0,4,17.8
name_1738,m,P,7,0,2,4,14.3
name_707,m,B,22,0,0,1,108.8
name_1640,m,P,21,0,3,4,99.7
name_264,m,B,3,0,0,4,4.3
name_1229,m,B,15,0,5,3,53.5
name_1382,f,P,2,0,0,5,2.8
name_233,f,B,1,1,0,4,1.7
name_882,m,U,6,0,0,3,11.2
name_1769,m,B,9,4,5,4,21.7
name_1106,f,P,1,0,1,3,1.7
name_1619,f,B,11,0,1,4,30.7
name_1824,f,P,16,0,1,3,60.2
name_1506,f,B,11,2,0,4,30.7
name_818,f,B,11,1,0,3,30.7
name_1457,f,P,10,5,0,4,26.0
name_502,m,B,6,1,0,3,11.2
name_1117,m,B,15,0,0,4,53.5
name_1423,m,B,13,0,5,3,41.3
name_1228,f,B,21,0,0,4,99.7
name_130,m,B,9,0,0,3,21.7
name_1168,f,U,17,0,5,4,67.3
name_483,m,B,14,0,0,4,47.2
name_1734,m,P,9,0,0,1,21.7
name_1940,f,P,5,1,0,5,8.5
name_1356,m,P,10,0,0,4,26.0
name_1962,m,B,7,0,2,5,14.3
name_664,f,P,10,1,0,1,26.0
name_1809,f,U,14,0,0,4,47.2
name_15,m,P,10,0,0,5,26.0
name_1695,m,B,6,0,3,2,11.2
name_966,m,P,22,0,0,4,108.8
name_883,m,B,19,0,0,4,82.7
name_1198,f,B,19,0,0,3,82.7
name_1249,f,B,1,1,0,5,1.7
name_126,m,U,21,0,0,1,99.7
name_534,f,B,21,0,3,5,99.7
name_1129,m,U,20,0,5,3,91.0
name_104,f,B,13,0,0,1,41.3
name_1868,f,P,1,1,1,2,1.7
name_83,m,P,10,0,0,4,26.0
name_718,m,B,18,0,0,3,74.8
name_581,f,B,13,0,0,3,41.3
name_896,f,P,11,2,2,5,30.7
name_61,m,B,13,0,0,0,41.3
name_732,f,B,2,0,3,5,2.8
name_488,m,B,15,0,5,5,53.5
name_78,m,B,1,0,5,0,1.7
name_1276,m,B,23,0,0,2,118.3
name_1830,m,P,18,0,5,4,74.8
name_685,f,B,7,1,0,0,14.3
name_316,m,U,1,0,0,2,1.7
name_1323,f,B,13,0,0,0,41.3
name_347,f,B,18,0,0,1,74.8
name_1614,f,P,1,0,0,4,1.7
name_769,m,B,10,1,0,3,26.0
name_1303,f,B,3,1,2,4,4.3
name_1722,f,B,9,0,0,4,21.7
name_796,m,P,1,0,0,3,1.7
name_1286,f,P,19,0,0,4,82.7
name_1758,m,B,2,0,0,4,2.8
name_81,f,P,7,0,0,3,14.3
name_928,f,U,8,1,0,5,17.8
name_926,m,B,17,0,5,4,67.3
name_1987,f,P,1,0,5,3,1.7
name_984,f,B,17,0,2,4,67.3
name_494,m,P,23,0,0,4,118.3
name_1041,f,B,1,4,3,3,1.7
name_1663,f,P,8,0,3,3,17.8
name_191,f,U,6,1,2,3,11.2
name_1264,m,P,10,3,0,4,26.0
name_1093,f,B,11,1,1,1,30.7
name_503,m,B,9,2,0,3,21.7
name_1438,m,B,5,1,0,1,8.5
name_1053,f,B,7,1,1,4,14.3
name_595,f,P,9,0,2,4,21.7
name_1084,m,P,2,0,0,3,2.8
name_662,f,P,1,0,0,5,1.7
name_342,m,B,1,0,0,4,1.7
name_197,f,P,17,0,0,3,67.3
name_1855,f,B,21,0,5,0,99.7
name_1700,m,B,10,0,0,2,26.0
name_1736,f,U,18,0,0,3,74.8
name_436,f,B,8,1,5,3,17.8
name_803,m,B,8,0,0,1,17.8
name_1907,f,B,12,1,0,0,35.8
name_1639,m,B,17,0,0,1,67.3
name_520,m,B,14,0,3,3,47.2
name_395,f,P,3,1,4,2,4.3
name_1900,f,P,10,1,0,5,26.0
name_510,f,U,9,1,2,4,21.7
name_360,f,B,10,0,5,1,26.0
name_173,f,P,8,3,0,3,17.8
name_1728,m,B,16,0,0,4,60.2
name_1675,f,P,17,0,0,4,67.3
name_267,f,P,6,0,5,4,11.2
name_1542,m,P,19,0,0,4,82.7
name_974,f,P,22,0,0,4,108.8
name_136,f,B,14,0,4,4,47.2
name_1257,f,P,11,0,1,4,30.7
name_780,m,P,19,0,0,4,82.7
name_1756,f,P,1,0,0,3,1.7
name_74,f,B,13,0,3,3,41.3
name_287,m,B,11,1,0,4,30.7
name_1593,f,B,3,1,0,4,4.3
name_927,m,B,21,0,0,5,99.7
name_1473,f,P,8,1,0,2,17.8
name_1480,f,P,10,0,0,0,26.0
name_1152,m,B,3,0,0,1,4.3
name_852,f,P,18,0,0,5,74.8
name_140,f,B,16,0,0,4,60.2
name_1138,f,B,4,5,0,3,6.2
name_1376,f,B,22,0,0,4,108.8
name_1897,m,P,8,0,0,1,17.8
name_132,f,P,23,0,3,5,118.3
name_983,f,B,18,0,0,3,74.8
name_357,f,B,18,0,0,0,74.8
name_16,m,B,11,1,0,4,30.7
name_440,m,P,21,0,0,0,99.7
name_467,m,P,7,1,0,5,14.3
name_1218,f,B,9,0,1,4,21.7
name_443,m,P,22,0,0,4,108.8
name_1459,f,P,10,2,0,3,26.0
name_1283,f,B,16,0,0,1,60.2
name_1030,m,U,15,0,0,3,53.5
name_326,f,U,13,0,1,0,41.3
name_414,m,P,16,0,0,0,60.2
name_1340,f,P,20,0,0,4,91.0
name_202,f,P,14,0,2,3,47.2
name_1012,f,U,14,0,1,4,47.2
name_1123,f,P,8,0,1,5,17.8
name_339,m,B,13,0,0,4,41.3
name_774,m,B,18,0,0,3,74.8
name_827,f,B,1,2,5,3,1.7
name_70,m,P,17,0,0,4,67.3
name_1969,m,B,13,0,1,4,41.3
name_1063,m,B,8,1,0,3,17.8
name_390,m,P,10,0,4,4,26.0
name_235,f,P,15,0,1,4,53.5
name_1035,m,B,16,0,0,0,60.2
name_106,f,B,1,0,0,2,1.7
name_1990,f,B,9,0,0,3,21.7
name_1919,m,P,7,0,1,3,14.3
name_122,f,B,23,0,5,4,118.3
name_242,m,P,4,0,0,0,6.2
name_1403,m,B,22,0,2,5,108.8
name_922,f,P,13,0,0,5,41.3
name_85,f,B,4,1,0,3,6.2
name_1550,f,P,2,0,0,4,2.8
name_553,m,P,18,0,0,3,74.8
name_979,f,P,1,0,0,5,1.7
name_1418,f,B,1,1,0,4,1.7
name_1557,m,B,9,0,3,5,21.7
name_2000,f,P,2,0,2,4,2.8
name_379,f,P,7,0,0,2,14.3
name_1971,m,P,15,0,0,4,53.5
name_672,m,B,7,0,0,4,14.3
name_1325,m,B,21,0,5,4,99.7
name_44,f,B,19,0,0,0,82.7
name_682,f,P,5,0,0,3,8.5
name_1532,f,B,4,0,0,4,6.2
name_1408,f,P,11,1,0,3,30.7
name_726,m,B,9,0,0,3,21.7
name_189,m,P,17,0,0,3,67.3
name_1019,f,P,1,0,5,4,1.7
name_147,f,P,9,2,5,0,21.7
name_992,m,P,16,0,5,5,60.2
name_511,f,B,22,0,0,4,108.8
name_1296,m,B,6,2,5,5,11.2
name_1156,m,B,4,0,0,2,6.2
name_1428,m,B,6,0,2,4,11.2
name_1627,f,P,22,0,5,5,108.8
name_1494,f,B,21,0,5,5,99.7
name_1797,f,B,8,1,5,5,17.8
name_588,f,B,7,1,0,4,14.3
name_116,f,B,17,0,5,0,67.3
name_754,f,P,8,0,4,4,17.8
name_728,f,B,10,0,5,1,26.0
name_1043,f,B,17,0,0,4,67.3
name_322,f,P,7,0,5,2,14.3
name_1649,f,B,18,0,2,4,74.8
name_79,f,P,10,0,0,4,26.0
name_616,f,B,3,1,4,3,4.3
name_666,f,B,7,0,4,4,14.3
name_1366,f,B,1,0,0,4,1.7
name_276,f,P,21,0,3,3,99.7
name_1134,m,P,3,0,0,0,4.3
name_1384,f,B,10,0,0,1,26.0
name_1320,m,P,23,0,2,4,118.3
name_1974,m,P,6,0,0,5,11.2
name_393,m,B,23,0,0,5,118.3
name_790,m,P,1,0,0,3,1.7
name_569,m,P,14,0,4,0,47.2
name_248,m,P,4,0,0,1,6.2
name_1367,f,P,20,0,5,4,91.0
name_1666,m,P,10,1,1,1,26.0
name_1277,m,B,3,0,0,3,4.3
name_544,f,B,12,0,0,5,35.8
name_1527,f,P,6,0,3,4,11.2
name_1599,m,B,14,0,0,4,47.2
name_310,m,P,11,5,0,3,30.7
name_955,m,B,5,0,0,3,8.5
name_1835,f,U,12,1,0,4,35.8
name_1802,m,B,14,0,0,4,47.2
name_574,f,P,7,0,5,0,14.3
name_1268,f,U,4,1,2,4,6.2
name_1275,f,U,2,0,0,0,2.8
name_1148,f,P,23,0,4,5,118.3
name_1816,m,B,2,0,0,4,2.8
name_20,m,B,4,0,1,5,6.2
name_1677,f,P,1,0,3,5,1.7
name_1246,f,B,7,0,0,5,14.3
name_444,f,P,2,1,0,3,2.8
name_1507,f,P,9,1,3,1,21.7
name_577,m,B,8,1,5,0,17.8
name_777,m,B,13,0,0,4,41.3
name_1642,f,P,9,0,0,4,21.7
name_506,m,B,12,1,0,3,35.8
name_244,f,B,1,1,0,3,1.7
name_297,f,B,13,0,1,2,41.3
name_1715,m,B,10,0,0,3,26.0
name_1455,f,P,2,1,0,3,2.8
name_938,m,P,12,1,0,4,35.8
name_624,f,P,10,0,2,4,26.0
name_642,f,B,2,0,0,5,2.8
name_844,f,P,11,1,1,4,30.7
name_1755,m,P,15,0,5,5,53.5
name_1515,m,P,11,0,0,4,30.7
name_925,f,P,16,0,0,5,60.2
name_1624,m,P,19,0,2,4,82.7
name_1124,m,U,23,0,0,0,118.3
name_1266,f,B,15,0,2,4,53.5
name_129,m,P,15,0,0,4,53.5
name_410,m,B,4,0,0,3,6.2
name_485,f,P,11,0,2,4,30.7
name_1203,m,B,9,0,3,4,21.7
name_1592,m,B,9,3,2,3,21.7
name_886,m,P,17,0,0,0,67.3
name_382,f,B,10,1,1,3,26.0
name_1407,f,P,1,0,5,4,1.7
name_1929,f,P,10,1,5,2,26.0
name_971,m,P,22,0,0,5,108.8
name_1955,m,B,21,0,0,4,99.7
name_275,m,P,13,0,0,3,41.3
name_1437,m,B,12,0,0,4,35.8
name_1692,f,B,2,0,0,5,2.8
name_791,m,P,12,0,4,3,35.8
name_372,f,B,1,2,5,4,1.7
name_944,f,P,12,0,5,1,35.8
name_1538,m,P,9,0,0,4,21.7
name_13,m,B,6,0,5,4,11.2
name_1379,m,P,17,0,4,4,67.3
name_735,f,B,14,0,3,5,47.2
name_300,f,B,7,0,0,4,14.3
name_1991,m,B,8,0,0,3,17.8
name_1009,f,B,4,1,1,4,6.2
name_1510,m,P,14,0,0,3,47.2
name_1997,m,P,12,1,2,0,35.8
name_1475,f,P,11,1,2,4,30.7
name_1803,m,B,8,0,1,4,17.8
name_160,f,P,8,0,0,4,17.8
name_1508,m,B,11,0,1,5,30.7
name_312,m,P,14,0,0,4,47.2
name_1490,m,B,23,0,2,5,118.3
name_1787,f,U,5,1,3,4,8.5
name_814,m,B,7,0,0,0,14.3
name_1833,f,U,9,0,5,3,21.7
name_865,f,B,7,0,0,3,14.3
name_1518,m,B,8,1,0,4,17.8
name_915,m,P,9,0,0,0,21.7
name_1626,f,P,1,0,0,4,1.7
name_1319,f,P,21,0,4,4,99.7
name_572,m,B,12,1,0,5,35.8
name_1718,m,B,23,0,5,4,118.3
name_1826,m,P,10,0,5,2,26.0
name_1187,f,P,9,0,0,3,21.7
name_84,f,P,12,1,4,5,35.8
name_1111,f,P,4,1,4,4,6.2
name_21,f,B,3,0,0,4,4.3
name_1761,m,P,7,0,4,3,14.3
name_1687,m,B,21,0,3,2,99.7
name_1312,m,U,18,0,0,2,74.8
name_1793,f,P,4,1,5,1,6.2
name_890,f,B,18,0,0,4,74.8
name_1967,f,B,4,1,0,0,6.2
name_480,f,B,2,0,1,3,2.8
name_1549,f,B,17,0,2,5,67.3
name_1067,f,B,18,0,0,4,74.8
name_546,f,P,1,0,0,5,1.7
name_908,m,P,1,0,0,4,1.7
name_1648,m,P,22,0,5,5,108.8
name_1942,f,B,16,0,5,0,60.2
name_1098,m,B,1,0,0,5,1.7
name_1392,f,P,15,0,0,0,53.5
name_1879,m,P,9,1,0,4,21.7
name_186,m,B,22,0,0,3,108.8
name_1996,f,P,19,0,3,5,82.7
name_1051,m,P,22,0,4,3,108.8
name_450,m,P,21,0,1,3,99.7
name_639,m,B,23,0,0,0,118.3
name_1380,f,B,8,0,0,4,17.8
name_1096,m,U,8,0,0,4,17.8
name_1690,f,B,22,0,3,4,108.8
name_306,m,P,8,0,0,4,17.8
name_53,f,P,3,1,0,4,4.3
name_183,m,P,1,1,0,5,1.7
name_671,f,P,6,0,0,5,11.2
name_145,m,P,22,0,3,3,108.8
name_1591,m,P,10,0,0,4,26.0
name_1606,f,P,22,0,0,2,108.8
name_268,m,B,12,2,0,5,35.8
name_554,m,U,19,0,0,4,82.7
name_9,f,B,22,0,0,3,108.8
name_1485,m,B,16,0,0,5,60.2
name_778,f,P,1,0,0,4,1.7
name_1357,f,B,22,0,0,3,108.8
name_1612,f,P,15,0,0,3,53.5
name_381,f,P,14,0,0,4,47.2
name_924,f,B,20,0,0,2,91.0
name_997,f,P,19,0,0,4,82.7
name_1689,f,P,16,0,2,1,60.2
name_517,f,B,2,2,0,2,2.8
name_965,f,B,13,0,1,0,41.3
name_1516,f,B,18,0,2,3,74.8
name_72,f,P,7,1,0,4,14.3
name_210,f,P,12,0,0,3,35.8
name_1904,f,B,11,0,0,4,30.7
name_370,m,B,22,0,1,3,108.8
name_829,m,B,21,0,2,4,99.7
name_438,m,B,11,1,4,4,30.7
name_1223,m,B,6,0,2,5,11.2
name_1670,f,P,17,0,1,1,67.3
name_212,f,P,12,1,1,3,35.8
name_1983,m,U,21,0,0,4,99.7
name_715,m,B,13,0,3,3,41.3
name_1389,f,B,9,0,4,5,21.7
name_1024,f,B,16,0,0,4,60.2
name_824,f,B,3,0,0,4,4.3
name_1945,f,B,5,0,0,3,8.5
name_1742,m,P,15,0,1,4,53.5
name_1520,m,P,1,1,5,3,1.7
name_1647,m,P,7,1,0,4,14.3
name_1377,m,B,20,0,0,0,91.0
name_853,m,B,17,0,5,4,67.3
name_1595,m,P,8,0,0,4,17.8
name_1088,f,B,11,1,2,4,30.7
name_1354,m,P,3,0,0,4,4.3
name_772,f,P,8,0,5,5,17.8
name_1547,m,B,8,0,0,2,17.8
name_1311,m,P,9,0,0,2,21.7
name_977,f,U,7,0,0,4,14.3
name_1960,m,B,16,0,5,5,60.2
name_1059,m,B,15,0,0,3,53.5
name_665,f,P,16,0,0,4,60.2
name_1010,m,B,5,0,0,5,8.5
name_1001,m,B,13,0,2,2,41.3
name_1815,m,P,14,0,0,4,47.2
name_177,m,P,11,0,0,4,30.7
name_489,f,P,4,0,0,4,6.2
name_556,m,B,13,0,3,5,41.3
name_570,m,B,3,1,0,0,4.3
name_383,f,B,5,0,3,4,8.5
name_1373,f,B,6,0,4,2,11.2
name_906,m,P,9,1,0,0,21.7
name_10,m,B,1,2,0,5,1.7
name_405,m,B,14,0,5,0,47.2
name_432,f,P,20,0,0,4,91.0
name_182,f,B,18,0,0,3,74.8
name_139,m,P,3,0,2,5,4.3
name_1889,m,P,9,0,0,0,21.7
name_893,f,P,9,1,0,4,21.7
name_1069,f,B,10,0,3,4,26.0
name_941,f,B,18,0,0,4,74.8
name_1065,f,B,15,0,0,5,53.5
name_1594,f,B,15,0,0,4,53.5
name_935,m,P,5,2,5,1,8.5
name_508,f,B,23,0,3,3,118.3
name_203,f,B,23,0,3,3,118.3
name_1252,f,B,2,0,0,3,2.8
name_1931,f,P,11,0,0,3,30.7
name_481,f,P,11,1,5,0,30.7
name_626,m,U,12,1,0,3,35.8
name_344,m,B,17,0,0,1,67.3
name_1132,m,B,6,0,0,5,11.2
name_1570,f,P,5,5,0,0,8.5
name_513,f,B,13,0,0,4,41.3
name_1410,m,P,22,0,3,5,108.8
name_1211,f,P,12,0,5,4,35.8
name_1882,m,P,5,0,0,3,8.5
name_729,f,B,1,2,1,4,1.7
name_82,f,B,5,0,3,3,8.5
name_1988,f,P,19,0,0,4,82.7
name_759,m,B,15,0,5,5,53.5
name_1000,m,B,8,0,4,4,17.8
name_1200,m,P,4,0,0,3,6.2
name_1768,m,B,19,0,0,4,82.7
name_1068,m,B,4,0,0,4,6.2
name_262,m,B,2,0,4,4,2.8
name_963,f,B,5,0,0,4,8.5
name_767,f,B,16,0,0,4,60.2
name_1936,m,B,8,0,2,4,17.8
name_784,f,P,14,0,0,4,47.2
name_1522,f,U,18,0,5,4,74.8
name_1933,f,P,22,0,0,5,108.8
name_1959,m,B,11,0,2,5,30.7
name_385,f,B,19,0,0,4,82.7
name_830,m,P,19,0,0,4,82.7
name_266,f,P,3,3,5,4,4.3
name_1171,m,B,16,0,0,0,60.2
name_345,m,B,9,0,0,3,21.7
name_1970,m,P,19,0,1,5,82.7
name_1875,m,P,16,0,0,4,60.2
name_1543,m,B,1,0,0,5,1.7
name_1685,f,B,20,0,0,4,91.0
name_1671,f,P,21,0,0,4,99.7
name_1177,f,P,19,0,0,5,82.7
name_1174,f,P,10,1,1,2,26.0
name_146,m,P,8,1,0,4,17.8
name_512,f,P,8,1,2,4,17.8
name_1603,m,B,23,0,5,4,118.3
name_46,m,P,9,0,3,4,21.7
name_1716,m,B,11,1,1,3,30.7
name_835,m,P,13,0,0,5,41.3
name_627,f,P,3,1,1,4,4.3
name_962,m,B,8,0,5,4,17.8
name_204,m,B,17,0,2,3,67.3
name_484,m,B,14,0,0,0,47.2
name_261,m,P,4,0,1,4,6.2
name_486,f,P,2,0,0,5,2.8
name_1686,f,P,18,0,0,3,74.8
name_1397,m,P,5,0,0,0,8.5
name_424,f,P,6,0,5,4,11.2
name_834,m,B,1,1,0,3,1.7
name_1866,f,B,14,0,0,2,47.2
name_602,m,B,15,0,4,1,53.5
name_170,m,P,9,0,0,0,21.7
name_1906,m,P,19,0,0,0,82.7
name_1330,f,B,4,0,0,3,6.2
name_1586,m,U,4,1,0,0,6.2
name_975,f,P,4,0,0,4,6.2
name_1559,m,B,17,0,2,3,67.3
name_1047,m,P,13,0,0,4,41.3
name_859,m,U,10,0,4,4,26.0
name_1682,m,P,1,0,0,4,1.7
name_423,m,P,9,0,0,5,21.7
name_462,f,P,2,0,0,4,2.8
name_809,f,P,8,1,0,0,17.8
name_692,f,P,15,0,0,3,53.5
name_719,f,P,6,2,0,3,11.2
name_1534,m,B,1,0,0,5,1.7
name_1610,f,P,22,0,0,3,108.8
name_172,f,B,14,0,0,4,47.2
name_1029,f,P,8,1,0,3,17.8
name_630,m,B,5,0,2,3,8.5
name_956,m,P,8,0,0,3,17.8
name_1526,f,B,23,0,0,0,118.3
name_1011,f,B,20,0,0,4,91.0
name_850,f,P,13,0,0,5,41.3
name_1429,f,B,20,0,0,0,91.0
name_1230,m,B,18,0,0,3,74.8
name_1858,m,U,17,0,0,2,67.3
name_667,m,B,15,0,0,4,53.5
name_714,m,B,18,0,2,5,74.8
name_1834,m,P,9,1,0,3,21.7
name_1681,f,B,14,0,0,4,47.2
name_1207,f,P,6,3,0,4,11.2
name_1984,m,B,9,0,0,3,21.7
name_1079,f,P,10,0,5,1,26.0
name_1182,m,B,2,0,5,0,2.8
name_1576,f,B,15,0,0,3,53.5
name_1465,m,U,4,0,0,2,6.2
name_1820,f,B,12,1,2,5,35.8
name_601,m,B,19,0,1,4,82.7
name_1143,f,B,12,0,0,5,35.8
name_585,f,B,13,0,2,4,41.3
name_324,f,P,11,0,0,4,30.7
name_75,f,B,19,0,0,4,82.7
name_1608,m,B,15,0,2,2,53.5
name_1723,f,P,20,0,0,5,91.0
name_1735,m,P,4,0,0,5,6.2
name_1711,f,B,4,0,0,3,6.2
name_1318,f,B,3,1,3,5,4.3
name_970,m,B,7,1,2,4,14.3
name_1572,f,P,1,0,0,5,1.7
name_1244,m,B,4,0,2,3,6.2
name_64,m,B,9,1,0,5,21.7
name_231,f,B,18,0,5,5,74.8
name_45,m,U,17,0,0,5,67.3
name_407,f,B,15,0,0,5,53.5
name_953,m,P,11,1,0,2,30.7
name_895,f,P,2,0,0,3,2.8
name_680,f,U,21,0,0,4,99.7
name_89,f,P,22,0,5,3,108.8
name_461,f,B,1,0,5,3,1.7
name_1489,f,B,3,1,1,3,4.3
name_1944,m,P,16,0,5,3,60.2
name_738,m,P,21,0,0,3,99.7
name_716,f,P,17,0,1,4,67.3
name_400,f,B,13,0,0,1,41.3
name_564,f,B,10,0,0,0,26.0
name_1729,f,B,8,1,0,4,17.8
name_631,f,B,12,0,0,5,35.8
name_217,f,P,20,0,2,4,91.0
name_1118,m,B,2,0,0,3,2.8
name_1355,f,U,12,0,5,5,35.8
name_492,m,P,18,0,2,4,74.8
name_1089,m,P,10,0,0,4,26.0
name_694,f,P,20,0,5,3,91.0
name_1390,m,P,20,0,0,3,91.0
name_269,m,P,14,0,0,3,47.2
name_1248,m,P,1,3,1,1,1.7
name_1504,m,B,16,0,0,5,60.2
name_748,f,P,10,1,0,4,26.0
name_862,f,B,17,0,0,1,67.3
name_527,f,B,7,1,0,4,14.3
name_148,f,P,3,0,0,4,4.3
name_1338,m,P,15,0,0,4,53.5
name_1651,f,B,2,0,0,4,2.8
name_504,m,B,7,3,0,4,14.3
name_294,f,P,3,1,0,5,4.3
name_1094,m,B,3,1,1,4,4.3
name_330,f,P,10,0,2,0,26.0
name_1757,f,B,1,1,0,4,1.7
name_1119,f,B,1,0,1,0,1.7
name_1245,f,P,1,0,0,4,1.7
name_102,f,P,20,0,2,3,91.0
name_779,m,B,21,0,1,4,99.7
name_1023,f,B,13,0,0,4,41.3
name_1528,f,B,8,0,0,2,17.8
name_1629,f,B,13,0,2,4,41.3
name_455,m,P,3,3,1,5,4.3
name_1081,m,B,15,0,2,3,53.5
name_1857,f,B,22,0,1,3,108.8
name_476,m,B,6,2,1,0,11.2
name_1512,f,B,12,0,1,0,35.8
name_1378,f,P,9,1,5,5,21.7
name_717,f,B,10,1,0,4,26.0
name_447,f,P,23,0,5,5,118.3
name_776,f,B,9,1,0,1,21.7
name_887,f,P,13,0,4,4,41.3
name_604,m,B,10,0,0,3,26.0
name_1519,f,P,1,3,0,3,1.7
name_509,m,B,1,0,0,5,1.7
name_466,m,P,3,0,0,4,4.3
name_758,f,B,8,0,5,5,17.8
name_207,m,U,17,0,0,5,67.3
name_972,m,B,17,0,0,4,67.3
name_1903,f,P,6,1,0,4,11.2
name_1771,m,B,4,0,0,3,6.2
name_1214,f,P,18,0,5,4,74.8
name_1952,f,B,6,4,2,1,11.2
name_1584,f,P,13,0,0,5,41.3
name_215,m,B,23,0,1,0,118.3
name_417,f,B,21,0,5,4,99.7
name_1336,m,P,6,5,5,5,11.2
name_1979,f,P,6,0,1,4,11.2
name_1364,m,B,23,0,0,3,118.3
name_228,f,B,5,1,2,3,8.5
name_1985,m,P,8,1,0,3,17.8
name_1028,f,B,12,0,0,4,35.8
name_1298,m,B,11,0,2,4,30.7
name_1220,m,P,21,0,2,1,99.7
name_1332,m,P,19,0,0,5,82.7
name_77,f,P,11,0,4,3,30.7
name_1533,m,P,9,1,2,3,21.7
name_1147,f,B,9,0,0,2,21.7
name_560,f,B,19,0,0,3,82.7
name_241,f,U,1,0,0,4,1.7
name_32,f,P,6,1,0,5,11.2
name_1091,m,B,16,0,1,5,60.2
name_900,f,B,12,0,2,4,35.8
name_1448,m,P,20,0,0,3,91.0
name_1466,f,B,4,1,2,5,6.2
name_1393,m,B,9,1,0,5,21.7
name_1005,m,U,1,1,0,4,1.7
name_378,m,B,20,0,2,3,91.0
name_901,f,B,1,0,0,3,1.7
name_686,f,B,8,0,5,4,17.8
name_1862,f,P,23,0,4,5,118.3
name_833,m,P,8,0,5,3,17.8
name_1600,f,U,23,0,0,3,118.3
name_655,f,B,15,0,0,4,53.5
name_91,f,B,1,0,2,3,1.7
name_994,m,U,2,0,0,5,2.8
name_1130,f,B,1,1,2,1,1.7
name_1104,f,B,3,0,5,4,4.3
name_633,f,B,1,1,0,5,1.7
name_1125,m,B,15,0,0,3,53.5
name_71,f,B,12,0,3,4,35.8
name_373,m,P,14,0,0,3,47.2
name_1193,f,P,16,0,0,0,60.2
name_315,m,P,23,0,2,4,118.3
name_336,f,P,12,0,4,4,35.8
name_1105,f,P,23,0,0,5,118.3
name_552,f,U,8,0,4,1,17.8
name_1191,m,P,17,0,0,4,67.3
name_998,m,P,3,0,0,4,4.3
name_271,f,B,20,0,3,5,91.0
name_1057,f,B,4,0,4,3,6.2
name_687,m,B,10,0,5,5,26.0
name_110,f,U,9,3,0,3,21.7
name_1172,f,B,13,0,0,3,41.3
name_923,f,B,6,1,0,3,11.2
name_592,m,B,7,2,0,4,14.3
name_1158,m,P,1,1,0,4,1.7
name_942,m,P,6,1,5,0,11.2
name_691,m,P,15,0,0,5,53.5
name_1135,m,B,1,0,4,3,1.7
name_317,f,B,18,0,5,4,74.8
name_596,f,P,23,0,0,5,118.3
name_1725,m,B,3,4,0,5,4.3
name_786,f,B,11,3,3,4,30.7
name_1917,m,P,12,2,3,4,35.8
name_1374,m,P,21,0,0,4,99.7
name_1635,m,P,12,0,0,3,35.8
name_1660,m,U,20,0,0,5,91.0
name_1242,f,P,11,0,0,1,30.7
name_250,m,P,2,0,0,4,2.8
name_1605,m,P,9,0,2,0,21.7
name_628,m,B,6,1,0,4,11.2
name_775,f,B,15,0,5,0,53.5
name_162,m,P,11,0,0,5,30.7
name_1854,m,P,8,3,0,4,17.8
name_1221,f,B,3,0,2,4,4.3
name_1691,f,P,4,2,0,3,6.2
name_1039,f,B,19,0,0,4,82.7
name_1782,f,P,18,0,5,5,74.8
name_14,m,B,10,1,0,4,26.0
name_1055,m,P,21,0,0,4,99.7
name_1254,m,P,17,0,0,3,67.3
name_743,f,B,5,1,0,5,8.5
name_993,m,P,22,0,1,4,108.8
name_1315,f,U,15,0,0,5,53.5
name_1727,m,B,16,0,1,4,60.2
name_334,f,P,12,2,0,1,35.8
name_394,m,P,7,0,1,5,14.3
name_1999,m,P,23,0,0,5,118.3
name_286,m,B,20,0,0,4,91.0
name_1213,m,B,18,0,0,0,74.8
name_198,m,P,14,0,0,4,47.2
name_789,f,B,12,0,5,3,35.8
name_805,f,B,15,0,0,1,53.5
name_164,m,B,8,0,3,4,17.8
name_1521,f,P,5,1,1,4,8.5
name_798,m,P,7,0,4,5,14.3
name_806,m,B,17,0,0,1,67.3
name_224,f,P,5,0,0,3,8.5
name_609,m,B,21,0,0,1,99.7
name_894,f,P,8,0,1,4,17.8
name_1452,m,B,22,0,2,0,108.8
name_161,f,B,2,0,0,4,2.8
name_209,f,B,16,0,0,4,60.2
name_1387,f,B,13,0,0,5,41.3
name_352,m,P,15,0,5,4,53.5
name_724,f,B,7,0,5,0,14.3
name_996,f,B,11,0,1,3,30.7
name_654,f,P,19,0,0,5,82.7
name_1817,m,B,1,4,0,4,1.7
name_1613,m,B,14,0,3,5,47.2
name_1163,f,B,15,0,1,4,53.5
name_1237,f,P,6,0,5,4,11.2
name_1598,f,B,17,0,0,0,67.3
name_1852,f,P,2,0,0,3,2.8
name_311,f,B,1,1,3,0,1.7
name_677,f,B,17,0,4,5,67.3
name_1956,m,P,13,0,0,5,41.3
name_696,f,U,14,0,3,4,47.2
name_1609,f,B,19,0,0,5,82.7
name_1544,m,P,22,0,5,3,108.8
name_1556,f,P,20,0,5,0,91.0
name_615,m,P,13,0,5,3,41.3
name_365,f,U,14,0,1,4,47.2
name_1680,m,B,23,0,0,0,118.3
name_1180,f,P,23,0,2,4,118.3
name_1763,f,P,5,3,0,3,8.5
name_1741,f,P,1,0,0,4,1.7
name_1726,m,P,3,0,0,4,4.3
name_1301,f,B,18,0,4,5,74.8
name_1477,m,B,14,0,5,0,47.2
name_1992,m,B,12,1,1,4,35.8
name_643,f,B,10,0,5,4,26.0
name_153,f,P,20,0,0,4,91.0
name_99,m,P,8,0,0,0,17.8
name_670,m,B,21,0,5,5,99.7
name_1049,f,P,7,1,3,4,14.3
name_187,m,B,10,0,5,3,26.0
name_1087,f,P,21,0,0,5,99.7
name_18,f,B,23,0,5,4,118.3
name_1347,f,B,3,1,2,3,4.3
name_143,m,B,14,0,0,2,47.2
name_713,f,B,17,0,0,0,67.3
name_1169,f,B,19,0,4,4,82.7
name_1786,m,B,14,0,0,4,47.2
name_1497,m,U,5,1,0,5,8.5
name_453,m,P,22,0,0,3,108.8
name_1021,m,P,1,1,0,0,1.7
name_328,f,U,7,0,0,3,14.3
name_1439,f,B,3,0,5,1,4.3
name_251,m,B,23,0,0,4,118.3
name_416,m,B,16,0,0,2,60.2
name_576,m,B,17,0,0,5,67.3
name_1321,m,B,1,1,0,3,1.7
name_265,f,P,3,0,0,4,4.3
name_340,f,U,6,1,4,4,11.2
name_1650,f,B,20,0,4,2,91.0
name_1061,f,B,6,0,0,2,11.2
name_720,m,U,23,0,0,4,118.3
name_1013,m,P,9,1,5,3,21.7
name_1297,f,U,7,0,2,5,14.3
name_1505,f,P,5,0,0,4,8.5
name_465,m,B,9,2,0,5,21.7
name_787,m,B,12,1,2,3,35.8
name_1737,m,B,19,0,2,4,82.7
name_331,f,P,16,0,0,4,60.2
name_409,m,P,19,0,1,4,82.7
name_1346,m,P,12,0,2,4,35.8
name_270,m,B,1,1,3,5,1.7
name_614,m,B,18,0,0,3,74.8
name_1525,m,P,5,0,0,0,8.5
name_430,f,B,10,0,0,4,26.0
name_1545,m,B,20,0,0,3,91.0
name_1282,m,P,4,0,0,5,6.2
name_1120,m,P,11,1,0,4,30.7
name_1892,m,B,7,1,0,3,14.3
name_1083,m,P,13,0,0,3,41.3
name_117,m,B,9,1,5,5,21.7
name_1775,f,P,16,0,0,3,60.2
name_587,f,P,9,0,5,4,21.7
name_1146,f,B,19,0,4,5,82.7
name_1463,m,P,3,2,0,0,4.3
name_279,m,B,8,0,0,5,17.8
name_98,f,B,17,0,1,3,67.3
name_1406,f,P,21,0,0,3,99.7
name_644,f,P,2,1,0,2,2.8
name_832,m,B,20,0,5,3,91.0
name_1779,f,U,20,0,0,5,91.0
name_1350,f,U,14,0,0,2,47.2
name_849,f,P,20,0,0,5,91.0
name_590,m,U,14,0,1,3,47.2
name_947,f,P,7,0,5,0,14.3
name_1400,f,U,5,0,0,4,8.5
name_797,f,B,3,0,2,4,4.3
name_1154,m,P,18,0,0,5,74.8
name_1766,f,U,12,0,0,4,35.8
name_1517,m,P,4,0,1,5,6.2
name_37,f,P,21,0,1,3,99.7
name_338,f,B,15,0,0,4,53.5
name_702,f,B,7,0,0,0,14.3
name_711,f,P,5,0,0,4,8.5
name_1888,f,B,6,1,0,0,11.2
name_1713,f,B,7,0,1,4,14.3
name_948,m,B,3,0,0,0,4.3
name_296,m,P,11,1,5,3,30.7
name_578,f,P,15,0,1,5,53.5
name_1575,f,B,9,1,3,1,21.7
name_1478,f,B,11,0,3,5,30.7
name_820,f,P,16,0,0,4,60.2
name_1433,m,P,3,0,5,5,4.3
name_837,f,U,19,0,1,4,82.7
name_1175,m,P,7,3,0,4,14.3
name_1958,m,B,1,0,1,4,1.7
name_957,f,B,21,0,0,4,99.7
name_913,m,B,17,0,3,4,67.3
name_753,f,U,18,0,0,5,74.8
name_42,f,B,10,3,5,3,26.0
name_23,f,B,10,2,0,0,26.0
name_603,m,P,4,4,0,4,6.2
name_951,m,B,22,0,4,3,108.8
name_650,f,P,15,0,0,4,53.5
name_1679,f,B,10,1,2,3,26.0
name_566,f,B,13,0,0,3,41.3
name_1993,f,P,2,1,5,4,2.8
name_559,m,B,1,3,0,3,1.7
name_1293,m,B,4,0,0,4,6.2
name_1724,m,B,17,0,3,4,67.3
name_1,f,B,14,0,3,5,47.2
name_1751,m,B,1,0,0,3,1.7
name_113,f,U,5,3,0,2,8.5
name_295,f,P,21,0,1,3,99.7
name_8,f,P,8,0,4,1,17.8
name_1307,m,B,22,0,3,5,108.8
name_1232,f,P,13,0,0,4,41.3
name_1837,f,P,2,0,4,3,2.8
name_981,f,U,16,0,0,4,60.2
name_19,f,P,19,0,0,1,82.7
name_1131,m,B,8,4,0,2,17.8
name_1616,f,P,2,1,0,5,2.8
name_243,f,P,6,0,5,2,11.2
name_910,m,B,1,1,1,5,1.7
name_909,f,B,14,0,2,5,47.2
name_652,f,P,1,1,0,5,1.7
name_1947,m,P,22,0,4,1,108.8
name_1339,m,B,8,0,1,4,17.8
name_343,m,B,2,0,1,5,2.8
name_1235,f,P,5,0,0,5,8.5
name_1523,f,P,6,1,5,3,11.2
name_689,f,P,8,0,0,4,17.8
name_1791,f,B,7,1,0,4,14.3
name_1853,m,P,16,0,5,1,60.2
name_1166,m,P,11,0,0,4,30.7
name_1710,f,B,18,0,0,5,74.8
name_1655,f,B,10,3,0,5,26.0
name_730,m,B,15,0,0,5,53.5
name_359,m,B,22,0,1,5,108.8
name_1939,f,B,1,0,0,4,1.7
name_1430,m,B,8,0,0,0,17.8
name_1099,m,P,2,0,0,5,2.8
name_313,m,P,23,0,0,3,118.3
name_1747,f,B,14,0,0,0,47.2
name_35,f,P,13,0,0,3,41.3
name_225,m,B,13,0,0,2,41.3
name_325,f,B,20,0,0,0,91.0
name_48,f,B,11,0,0,5,30.7
name_1546,m,P,4,2,1,1,6.2
name_795,f,P,15,0,0,4,53.5
name_764,f,B,15,0,3,5,53.5
name_39,f,B,16,0,2,5,60.2
name_1571,m,B,9,0,0,4,21.7
name_647,m,P,20,0,0,4,91.0
name_232,m,P,12,5,1,5,35.8
name_101,m,P,2,0,1,0,2.8
name_1912,m,U,8,4,4,4,17.8
